0.809275,1.61205,1,1,1
0.547162,0.770017,1,1,0.125
0.490055,0.65325,1,1,0.015625
0.917247,1.50013,1,1,1
0.710994,0.903328,1,1,0.125
0.476553,0.666804,1,1,0.015625
0.559331,0.64194,1,1,0.00195312
0.468061,0.643605,1,1,0.000244141
0.575856,0.691959,1,1,3.05176e-05
0.510711,0.657639,1,1,3.8147e-06
0.962441,1.55265,1,0.125,1
0.251014,0.359552,1,0.125,0.125
0.212754,0.34208,1,0.125,0.015625
0.242006,0.342618,1,0.125,0.00195312
0.247947,0.323662,1,0.125,0.000244141
0.255214,0.297061,1,0.125,3.05176e-05
0.240441,0.326785,1,0.125,3.8147e-06
0.877059,1.52069,1,0.015625,1
0.233344,0.300844,1,0.015625,0.125
0.187492,0.277378,1,0.015625,0.015625
0.221675,0.298698,1,0.015625,0.00195312
0.192931,0.259315,1,0.015625,0.000244141
0.247009,0.310217,1,0.015625,3.05176e-05
0.218892,0.276159,1,0.015625,3.8147e-06
0.968138,1.56301,1,0.00195312,1
0.225783,0.287982,1,0.00195312,0.125
0.220375,0.301684,1,0.00195312,0.015625
0.217353,0.249026,1,0.00195312,0.00195312
0.206598,0.260947,1,0.00195312,0.000244141
0.186093,0.251126,1,0.00195312,3.05176e-05
0.219483,0.265516,1,0.00195312,3.8147e-06
0.868005,1.65128,1,0.000244141,1
0.225782,0.299874,1,0.000244141,0.125
0.215873,0.307582,1,0.000244141,0.015625
0.22203,0.27719,1,0.000244141,0.00195312
0.191952,0.304781,1,0.000244141,0.000244141
0.216869,0.282651,1,0.000244141,3.05176e-05
0.220484,0.280454,1,0.000244141,3.8147e-06
0.882457,1.62234,1,3.05176e-05,1
0.256698,0.329697,1,3.05176e-05,0.125
0.218373,0.258409,1,3.05176e-05,0.015625
0.214918,0.291244,1,3.05176e-05,0.00195312
0.21278,0.283471,1,3.05176e-05,0.000244141
0.215138,0.290025,1,3.05176e-05,3.05176e-05
0.192721,0.276043,1,3.05176e-05,3.8147e-06
0.927555,1.41486,1,3.8147e-06,1
0.195477,0.272395,1,3.8147e-06,0.125
0.197712,0.298329,1,3.8147e-06,0.015625
0.22656,0.289753,1,3.8147e-06,0.00195312
0.203633,0.276732,1,3.8147e-06,0.000244141
0.228323,0.29595,1,3.8147e-06,3.05176e-05
0.20902,0.29361,1,3.8147e-06,3.8147e-06
0.906557,1.4835,0.769231,1,1
0.521607,0.716426,0.769231,1,0.125
0.396031,0.546307,0.769231,1,0.015625
0.410269,0.558164,0.769231,1,0.00195312
0.357754,0.468897,0.769231,1,0.000244141
0.468303,0.569696,0.769231,1,3.05176e-05
0.457092,0.569016,0.769231,1,3.8147e-06
0.891664,1.22706,0.769231,0.125,1
0.224917,0.309307,0.769231,0.125,0.125
0.219557,0.26101,0.769231,0.125,0.015625
0.21067,0.288603,0.769231,0.125,0.00195312
0.195359,0.2898,0.769231,0.125,0.000244141
0.190315,0.248197,0.769231,0.125,3.05176e-05
0.200751,0.256118,0.769231,0.125,3.8147e-06
0.894785,1.56377,0.769231,0.015625,1
0.227191,0.297152,0.769231,0.015625,0.125
0.163193,0.215235,0.769231,0.015625,0.015625
0.170302,0.227704,0.769231,0.015625,0.00195312
0.176743,0.233266,0.769231,0.015625,0.000244141
0.159853,0.191911,0.769231,0.015625,3.05176e-05
0.175607,0.202979,0.769231,0.015625,3.8147e-06
0.893862,1.57018,0.769231,0.00195312,1
0.191966,0.244511,0.769231,0.00195312,0.125
0.150687,0.207497,0.769231,0.00195312,0.015625
0.158861,0.221705,0.769231,0.00195312,0.00195312
0.174894,0.208207,0.769231,0.00195312,0.000244141
0.169325,0.232888,0.769231,0.00195312,3.05176e-05
0.182847,0.240912,0.769231,0.00195312,3.8147e-06
0.840326,1.18636,0.769231,0.000244141,1
0.180097,0.238734,0.769231,0.000244141,0.125
0.152581,0.214123,0.769231,0.000244141,0.015625
0.156076,0.210726,0.769231,0.000244141,0.00195312
0.181517,0.221886,0.769231,0.000244141,0.000244141
0.18973,0.223768,0.769231,0.000244141,3.05176e-05
0.155462,0.234756,0.769231,0.000244141,3.8147e-06
0.910239,1.64499,0.769231,3.05176e-05,1
0.188955,0.27217,0.769231,3.05176e-05,0.125
0.169953,0.22257,0.769231,3.05176e-05,0.015625
0.173143,0.218982,0.769231,3.05176e-05,0.00195312
0.159005,0.22427,0.769231,3.05176e-05,0.000244141
0.169334,0.220545,0.769231,3.05176e-05,3.05176e-05
0.150794,0.201016,0.769231,3.05176e-05,3.8147e-06
0.86176,1.5414,0.769231,3.8147e-06,1
0.194057,0.246506,0.769231,3.8147e-06,0.125
0.179942,0.238268,0.769231,3.8147e-06,0.015625
0.153023,0.209906,0.769231,3.8147e-06,0.00195312
0.155956,0.216322,0.769231,3.8147e-06,0.000244141
0.161831,0.20251,0.769231,3.8147e-06,3.05176e-05
0.159053,0.204573,0.769231,3.8147e-06,3.8147e-06
0.922024,1.45678,0.591716,1,1
0.449421,0.563963,0.591716,1,0.125
0.522608,0.68734,0.591716,1,0.015625
0.398008,0.617335,0.591716,1,0.00195312
0.377767,0.512932,0.591716,1,0.000244141
0.402633,0.549755,0.591716,1,3.05176e-05
0.359422,0.45798,0.591716,1,3.8147e-06
0.875699,1.48552,0.591716,0.125,1
0.191409,0.241414,0.591716,0.125,0.125
0.171457,0.214487,0.591716,0.125,0.015625
0.197985,0.243068,0.591716,0.125,0.00195312
0.17788,0.252556,0.591716,0.125,0.000244141
0.17525,0.219163,0.591716,0.125,3.05176e-05
0.205127,0.255618,0.591716,0.125,3.8147e-06
0.9126,1.44671,0.591716,0.015625,1
0.160663,0.225266,0.591716,0.015625,0.125
0.141567,0.190709,0.591716,0.015625,0.015625
0.148932,0.190498,0.591716,0.015625,0.00195312
0.162072,0.204723,0.591716,0.015625,0.000244141
0.149176,0.170822,0.591716,0.015625,3.05176e-05
0.126213,0.176473,0.591716,0.015625,3.8147e-06
0.820615,1.3709,0.591716,0.00195312,1
0.137067,0.192474,0.591716,0.00195312,0.125
0.121745,0.171446,0.591716,0.00195312,0.015625
0.123573,0.166744,0.591716,0.00195312,0.00195312
0.13761,0.186609,0.591716,0.00195312,0.000244141
0.148548,0.189561,0.591716,0.00195312,3.05176e-05
0.132016,0.153765,0.591716,0.00195312,3.8147e-06
0.86132,1.50126,0.591716,0.000244141,1
0.161562,0.202989,0.591716,0.000244141,0.125
0.122739,0.181702,0.591716,0.000244141,0.015625
0.149838,0.218337,0.591716,0.000244141,0.00195312
0.125529,0.19108,0.591716,0.000244141,0.000244141
0.125383,0.183105,0.591716,0.000244141,3.05176e-05
0.118925,0.172725,0.591716,0.000244141,3.8147e-06
0.853165,1.63215,0.591716,3.05176e-05,1
0.142431,0.185053,0.591716,3.05176e-05,0.125
0.114168,0.174289,0.591716,3.05176e-05,0.015625
0.118876,0.170797,0.591716,3.05176e-05,0.00195312
0.132371,0.174914,0.591716,3.05176e-05,0.000244141
0.135437,0.19491,0.591716,3.05176e-05,3.05176e-05
0.128636,0.20617,0.591716,3.05176e-05,3.8147e-06
0.910236,1.49095,0.591716,3.8147e-06,1
0.157176,0.1934,0.591716,3.8147e-06,0.125
0.143077,0.166345,0.591716,3.8147e-06,0.015625
0.115595,0.17484,0.591716,3.8147e-06,0.00195312
0.165883,0.192819,0.591716,3.8147e-06,0.000244141
0.147076,0.183919,0.591716,3.8147e-06,3.05176e-05
0.121371,0.159936,0.591716,3.8147e-06,3.8147e-06
0.928279,1.5025,0.455166,1,1
0.367162,0.507454,0.455166,1,0.125
0.370677,0.505191,0.455166,1,0.015625
0.407563,0.512019,0.455166,1,0.00195312
0.441306,0.544759,0.455166,1,0.000244141
0.383499,0.458961,0.455166,1,3.05176e-05
0.388237,0.497136,0.455166,1,3.8147e-06
0.849425,1.14258,0.455166,0.125,1
0.168754,0.208475,0.455166,0.125,0.125
0.16819,0.203435,0.455166,0.125,0.015625
0.16295,0.221286,0.455166,0.125,0.00195312
0.145764,0.196046,0.455166,0.125,0.000244141
0.19958,0.266845,0.455166,0.125,3.05176e-05
0.14029,0.193486,0.455166,0.125,3.8147e-06
0.908845,1.23114,0.455166,0.015625,1
0.161953,0.199384,0.455166,0.015625,0.125
0.123734,0.164021,0.455166,0.015625,0.015625
0.120848,0.174339,0.455166,0.015625,0.00195312
0.107129,0.134333,0.455166,0.015625,0.000244141
0.128474,0.161624,0.455166,0.015625,3.05176e-05
0.12272,0.162472,0.455166,0.015625,3.8147e-06
0.824112,1.4702,0.455166,0.00195312,1
0.116069,0.148316,0.455166,0.00195312,0.125
0.106067,0.136062,0.455166,0.00195312,0.015625
0.104217,0.145016,0.455166,0.00195312,0.00195312
0.11142,0.146006,0.455166,0.00195312,0.000244141
0.0853738,0.119419,0.455166,0.00195312,3.05176e-05
0.118642,0.154568,0.455166,0.00195312,3.8147e-06
0.838139,1.19148,0.455166,0.000244141,1
0.117556,0.159489,0.455166,0.000244141,0.125
0.105122,0.144982,0.455166,0.000244141,0.015625
0.111753,0.146232,0.455166,0.000244141,0.00195312
0.110047,0.153522,0.455166,0.000244141,0.000244141
0.0994719,0.134206,0.455166,0.000244141,3.05176e-05
0.116318,0.152294,0.455166,0.000244141,3.8147e-06
0.814494,1.41389,0.455166,3.05176e-05,1
0.1361,0.173938,0.455166,3.05176e-05,0.125
0.116703,0.155609,0.455166,3.05176e-05,0.015625
0.111522,0.159616,0.455166,3.05176e-05,0.00195312
0.119581,0.155207,0.455166,3.05176e-05,0.000244141
0.12528,0.163394,0.455166,3.05176e-05,3.05176e-05
0.121269,0.163997,0.455166,3.05176e-05,3.8147e-06
0.833276,1.53933,0.455166,3.8147e-06,1
0.130823,0.164661,0.455166,3.8147e-06,0.125
0.109533,0.141113,0.455166,3.8147e-06,0.015625
0.118107,0.151881,0.455166,3.8147e-06,0.00195312
0.106748,0.147647,0.455166,3.8147e-06,0.000244141
0.110834,0.136748,0.455166,3.8147e-06,3.05176e-05
0.109787,0.146924,0.455166,3.8147e-06,3.8147e-06
0.899348,1.53483,0.350128,1,1
0.360848,0.487473,0.350128,1,0.125
0.565129,0.607884,0.350128,1,0.015625
0.416936,0.545298,0.350128,1,0.00195312
0.390058,0.558777,0.350128,1,0.000244141
0.344397,0.516922,0.350128,1,3.05176e-05
0.526904,0.776725,0.350128,1,3.8147e-06
0.812463,1.3161,0.350128,0.125,1
0.140943,0.207505,0.350128,0.125,0.125
0.161908,0.211275,0.350128,0.125,0.015625
0.164144,0.225591,0.350128,0.125,0.00195312
0.145581,0.188832,0.350128,0.125,0.000244141
0.126355,0.176878,0.350128,0.125,3.05176e-05
0.139434,0.197656,0.350128,0.125,3.8147e-06
0.790659,1.0417,0.350128,0.015625,1
0.11446,0.16123,0.350128,0.015625,0.125
0.0926915,0.12104,0.350128,0.015625,0.015625
0.0924804,0.111144,0.350128,0.015625,0.00195312
0.112596,0.155507,0.350128,0.015625,0.000244141
0.0954101,0.132319,0.350128,0.015625,3.05176e-05
0.103311,0.141458,0.350128,0.015625,3.8147e-06
0.884887,1.30606,0.350128,0.00195312,1
0.0976176,0.127571,0.350128,0.00195312,0.125
0.094163,0.127209,0.350128,0.00195312,0.015625
0.0958902,0.152785,0.350128,0.00195312,0.00195312
0.0953411,0.132014,0.350128,0.00195312,0.000244141
0.110468,0.150813,0.350128,0.00195312,3.05176e-05
0.11241,0.181519,0.350128,0.00195312,3.8147e-06
0.860029,1.37759,0.350128,0.000244141,1
0.0983388,0.128723,0.350128,0.000244141,0.125
0.0884849,0.127812,0.350128,0.000244141,0.015625
0.0917246,0.117999,0.350128,0.000244141,0.00195312
0.10488,0.126381,0.350128,0.000244141,0.000244141
0.107726,0.120811,0.350128,0.000244141,3.05176e-05
0.0969433,0.153163,0.350128,0.000244141,3.8147e-06
0.811079,1.32272,0.350128,3.05176e-05,1
0.100087,0.138512,0.350128,3.05176e-05,0.125
0.125838,0.147937,0.350128,3.05176e-05,0.015625
0.10727,0.137157,0.350128,3.05176e-05,0.00195312
0.0842649,0.112167,0.350128,3.05176e-05,0.000244141
0.0991226,0.137094,0.350128,3.05176e-05,3.05176e-05
0.0995746,0.128338,0.350128,3.05176e-05,3.8147e-06
0.802368,1.31581,0.350128,3.8147e-06,1
0.117263,0.141761,0.350128,3.8147e-06,0.125
0.12161,0.136507,0.350128,3.8147e-06,0.015625
0.0935027,0.123438,0.350128,3.8147e-06,0.00195312
0.0766323,0.110958,0.350128,3.8147e-06,0.000244141
0.0830381,0.113527,0.350128,3.8147e-06,3.05176e-05
0.106665,0.136848,0.350128,3.8147e-06,3.8147e-06
0.91643,1.60934,0.269329,1,1
0.464955,0.582074,0.269329,1,0.125
0.393099,0.506053,0.269329,1,0.015625
0.514151,0.734376,0.269329,1,0.00195312
0.664911,0.639365,0.269329,1,0.000244141
0.461643,0.614775,0.269329,1,3.05176e-05
0.423702,0.516233,0.269329,1,3.8147e-06
0.827555,1.41638,0.269329,0.125,1
0.173282,0.195015,0.269329,0.125,0.125
0.150452,0.201798,0.269329,0.125,0.015625
0.145089,0.203313,0.269329,0.125,0.00195312
0.149042,0.199612,0.269329,0.125,0.000244141
0.180727,0.219441,0.269329,0.125,3.05176e-05
0.121889,0.171346,0.269329,0.125,3.8147e-06
0.750705,1.04396,0.269329,0.015625,1
0.0862521,0.12372,0.269329,0.015625,0.125
0.0776038,0.102378,0.269329,0.015625,0.015625
0.0984578,0.146485,0.269329,0.015625,0.00195312
0.090165,0.119576,0.269329,0.015625,0.000244141
0.0897099,0.107509,0.269329,0.015625,3.05176e-05
0.0833494,0.116325,0.269329,0.015625,3.8147e-06
0.856091,1.26716,0.269329,0.00195312,1
0.102581,0.140645,0.269329,0.00195312,0.125
0.074406,0.0996857,0.269329,0.00195312,0.015625
0.087501,0.109893,0.269329,0.00195312,0.00195312
0.0768858,0.109728,0.269329,0.00195312,0.000244141
0.0924998,0.11638,0.269329,0.00195312,3.05176e-05
0.0694787,0.0959997,0.269329,0.00195312,3.8147e-06
0.853533,1.34175,0.269329,0.000244141,1
0.0965446,0.122866,0.269329,0.000244141,0.125
0.0804949,0.0987497,0.269329,0.000244141,0.015625
0.0898226,0.119569,0.269329,0.000244141,0.00195312
0.0781287,0.116397,0.269329,0.000244141,0.000244141
0.101255,0.133693,0.269329,0.000244141,3.05176e-05
0.0802746,0.107423,0.269329,0.000244141,3.8147e-06
0.961558,1.42496,0.269329,3.05176e-05,1
0.0946073,0.123844,0.269329,3.05176e-05,0.125
0.09064,0.123848,0.269329,3.05176e-05,0.015625
0.0817986,0.116391,0.269329,3.05176e-05,0.00195312
0.0778598,0.102184,0.269329,3.05176e-05,0.000244141
0.0738017,0.0897749,0.269329,3.05176e-05,3.05176e-05
0.0933784,0.116454,0.269329,3.05176e-05,3.8147e-06
0.822818,1.36034,0.269329,3.8147e-06,1
0.0955949,0.144054,0.269329,3.8147e-06,0.125
0.0866308,0.110986,0.269329,3.8147e-06,0.015625
0.0815632,0.114565,0.269329,3.8147e-06,0.00195312
0.0778288,0.109921,0.269329,3.8147e-06,0.000244141
0.0854744,0.104294,0.269329,3.8147e-06,3.05176e-05
0.0688287,0.104309,0.269329,3.8147e-06,3.8147e-06
0.929653,1.61858,0.207176,1,1
0.342159,0.49785,0.207176,1,0.125
0.495865,0.656101,0.207176,1,0.015625
0.555815,0.708201,0.207176,1,0.00195312
0.475983,0.593951,0.207176,1,0.000244141
0.491478,0.707543,0.207176,1,3.05176e-05
0.540787,0.647874,0.207176,1,3.8147e-06
0.896224,1.56755,0.207176,0.125,1
0.156768,0.21685,0.207176,0.125,0.125
0.163337,0.215286,0.207176,0.125,0.015625
0.15373,0.219524,0.207176,0.125,0.00195312
0.194012,0.196634,0.207176,0.125,0.000244141
0.138364,0.23208,0.207176,0.125,3.05176e-05
0.134978,0.178458,0.207176,0.125,3.8147e-06
0.851281,1.16027,0.207176,0.015625,1
0.0827637,0.116845,0.207176,0.015625,0.125
0.0681751,0.106889,0.207176,0.015625,0.015625
0.0790589,0.098103,0.207176,0.015625,0.00195312
0.0915219,0.13501,0.207176,0.015625,0.000244141
0.122712,0.152872,0.207176,0.015625,3.05176e-05
0.0992166,0.128531,0.207176,0.015625,3.8147e-06
0.754744,0.93523,0.207176,0.00195312,1
0.0734646,0.100951,0.207176,0.00195312,0.125
0.0637531,0.0921648,0.207176,0.00195312,0.015625
0.0977005,0.109327,0.207176,0.00195312,0.00195312
0.0635804,0.0927116,0.207176,0.00195312,0.000244141
0.0584676,0.0863202,0.207176,0.00195312,3.05176e-05
0.0670823,0.0891461,0.207176,0.00195312,3.8147e-06
0.836101,1.22188,0.207176,0.000244141,1
0.0833678,0.12071,0.207176,0.000244141,0.125
0.0996443,0.128982,0.207176,0.000244141,0.015625
0.076983,0.109472,0.207176,0.000244141,0.00195312
0.0670885,0.100445,0.207176,0.000244141,0.000244141
0.0582301,0.0916802,0.207176,0.000244141,3.05176e-05
0.0656888,0.0884847,0.207176,0.000244141,3.8147e-06
0.834557,1.50244,0.207176,3.05176e-05,1
0.0714757,0.0991905,0.207176,3.05176e-05,0.125
0.0810103,0.102089,0.207176,3.05176e-05,0.015625
0.0812162,0.0901693,0.207176,3.05176e-05,0.00195312
0.070723,0.0841988,0.207176,3.05176e-05,0.000244141
0.0609147,0.0749419,0.207176,3.05176e-05,3.05176e-05
0.0598767,0.085209,0.207176,3.05176e-05,3.8147e-06
0.754274,0.879757,0.207176,3.8147e-06,1
0.0802878,0.102964,0.207176,3.8147e-06,0.125
0.0535108,0.0711598,0.207176,3.8147e-06,0.015625
0.0649476,0.0778553,0.207176,3.8147e-06,0.00195312
0.0699953,0.101769,0.207176,3.8147e-06,0.000244141
0.0717231,0.0951878,0.207176,3.8147e-06,3.05176e-05
0.0758178,0.107552,0.207176,3.8147e-06,3.8147e-06
0.848645,1.44717,0.269329,1,1
0.36741,0.472415,0.269329,1,0.125
0.405465,0.564508,0.269329,1,0.015625
0.343145,0.455909,0.269329,1,0.00195312
0.900941,1.50071,0.269329,0.125,1
0.166132,0.220681,0.269329,0.125,0.125
0.150222,0.205118,0.269329,0.125,0.015625
0.201237,0.218283,0.269329,0.125,0.00195312
0.801195,1.27453,0.269329,0.015625,1
0.103344,0.121389,0.269329,0.015625,0.125
0.0828547,0.118316,0.269329,0.015625,0.015625
0.082701,0.125008,0.269329,0.015625,0.00195312
0.82265,1.31649,0.269329,0.00195312,1
0.0945832,0.126701,0.269329,0.00195312,0.125
0.08238,0.113668,0.269329,0.00195312,0.015625
0.0962588,0.116217,0.269329,0.00195312,0.00195312
0.866821,1.56756,0.207176,1,1
0.414601,0.568196,0.207176,1,0.125
0.452415,0.589328,0.207176,1,0.015625
0.435178,0.655034,0.207176,1,0.00195312
0.985777,1.52702,0.207176,0.125,1
0.136806,0.209084,0.207176,0.125,0.125
0.18265,0.218341,0.207176,0.125,0.015625
0.148382,0.211864,0.207176,0.125,0.00195312
0.792283,1.35129,0.207176,0.015625,1
0.0865099,0.09391,0.207176,0.015625,0.125
0.0803325,0.121179,0.207176,0.015625,0.015625
0.0882565,0.130495,0.207176,0.015625,0.00195312
0.863335,1.11389,0.207176,0.00195312,1
0.0772578,0.0872582,0.207176,0.00195312,0.125
0.074315,0.0960138,0.207176,0.00195312,0.015625
0.0694936,0.103342,0.207176,0.00195312,0.00195312
0.978855,1.59823,0.159366,1,1
0.458653,0.577917,0.159366,1,0.125
0.513791,0.632106,0.159366,1,0.015625
0.452438,0.624626,0.159366,1,0.00195312
0.838169,1.32811,0.159366,0.125,1
0.173891,0.233539,0.159366,0.125,0.125
0.207158,0.284746,0.159366,0.125,0.015625
0.164656,0.195046,0.159366,0.125,0.00195312
0.767104,0.993302,0.159366,0.015625,1
0.0926786,0.117505,0.159366,0.015625,0.125
0.124014,0.14781,0.159366,0.015625,0.015625
0.0716318,0.0913757,0.159366,0.015625,0.00195312
0.737233,1.03263,0.159366,0.00195312,1
0.0619527,0.0867366,0.159366,0.00195312,0.125
0.0624497,0.0814965,0.159366,0.00195312,0.015625
0.0689442,0.0910868,0.159366,0.00195312,0.00195312
0.858768,1.50772,0.122589,1,1
0.518523,0.638529,0.122589,1,0.125
0.538073,0.770811,0.122589,1,0.015625
0.621699,0.7402,0.122589,1,0.00195312
0.75934,1.05707,0.122589,0.125,1
0.168312,0.20665,0.122589,0.125,0.125
0.187137,0.241046,0.122589,0.125,0.015625
0.139086,0.203092,0.122589,0.125,0.00195312
0.709964,0.954434,0.122589,0.015625,1
0.0739273,0.116433,0.122589,0.015625,0.125
0.0821554,0.114753,0.122589,0.015625,0.015625
0.0726207,0.0866663,0.122589,0.015625,0.00195312
0.879615,1.13421,0.122589,0.00195312,1
0.0827768,0.114001,0.122589,0.00195312,0.125
0.0587276,0.0723595,0.122589,0.00195312,0.015625
0.0415507,0.0601177,0.122589,0.00195312,0.00195312
0.910829,1.46282,0.0942996,1,1
0.453028,0.635108,0.0942996,1,0.125
0.740574,1.19573,0.0942996,1,0.015625
0.766587,1.09685,0.0942996,1,0.00195312
0.866101,1.47665,0.0942996,0.125,1
0.177921,0.23135,0.0942996,0.125,0.125
0.168301,0.265145,0.0942996,0.125,0.015625
0.194202,0.293785,0.0942996,0.125,0.00195312
0.80094,0.979065,0.0942996,0.015625,1
0.0671268,0.0840755,0.0942996,0.015625,0.125
0.0510562,0.0847968,0.0942996,0.015625,0.015625
0.0915193,0.113339,0.0942996,0.015625,0.00195312
0.906475,1.00686,0.0942996,0.00195312,1
0.05213,0.0648209,0.0942996,0.00195312,0.125
0.0451587,0.0731488,0.0942996,0.00195312,0.015625
0.0384824,0.067583,0.0942996,0.00195312,0.00195312
0.0752473,0.109163,0.263331,0.015625,0.015625
0.0950227,0.131864,0.263331,0.015625,0.0078125
0.0809468,0.100101,0.263331,0.015625,0.00390625
0.0897097,0.131523,0.263331,0.015625,0.00195312
0.0782522,0.104734,0.263331,0.015625,0.000976562
0.0931337,0.136668,0.263331,0.015625,0.000488281
0.0921306,0.125388,0.263331,0.0078125,0.015625
0.0798087,0.107661,0.263331,0.0078125,0.0078125
0.0866968,0.115769,0.263331,0.0078125,0.00390625
0.0875299,0.111095,0.263331,0.0078125,0.00195312
0.0920637,0.120755,0.263331,0.0078125,0.000976562
0.0809274,0.0965522,0.263331,0.0078125,0.000488281
0.0893982,0.124779,0.263331,0.00390625,0.015625
0.0794458,0.106698,0.263331,0.00390625,0.0078125
0.0958772,0.122409,0.263331,0.00390625,0.00390625
0.0741157,0.0899824,0.263331,0.00390625,0.00195312
0.0897373,0.121771,0.263331,0.00390625,0.000976562
0.0856631,0.110491,0.263331,0.00390625,0.000488281
0.0930014,0.122755,0.263331,0.00195312,0.015625
0.0848131,0.109228,0.263331,0.00195312,0.0078125
0.0825003,0.116229,0.263331,0.00195312,0.00390625
0.0686333,0.108517,0.263331,0.00195312,0.00195312
0.0973309,0.129826,0.263331,0.00195312,0.000976562
0.0691724,0.095054,0.263331,0.00195312,0.000488281
0.0649822,0.0906017,0.263331,0.000976562,0.015625
0.0595964,0.0858653,0.263331,0.000976562,0.0078125
0.0690401,0.0910052,0.263331,0.000976562,0.00390625
0.0941208,0.116884,0.263331,0.000976562,0.00195312
0.0810107,0.112903,0.263331,0.000976562,0.000976562
0.0808968,0.103429,0.263331,0.000976562,0.000488281
0.0639442,0.0948693,0.263331,0.000488281,0.015625
0.088517,0.131269,0.263331,0.000488281,0.0078125
0.0758802,0.101872,0.263331,0.000488281,0.00390625
0.0578778,0.0764253,0.263331,0.000488281,0.00195312
0.0683959,0.103939,0.263331,0.000488281,0.000976562
0.0664241,0.0999071,0.263331,0.000488281,0.000488281
0.0968684,0.115942,0.239392,0.015625,0.015625
0.0850663,0.122901,0.239392,0.015625,0.0078125
0.0775524,0.114461,0.239392,0.015625,0.00390625
0.0905592,0.121912,0.239392,0.015625,0.00195312
0.088019,0.114592,0.239392,0.015625,0.000976562
0.0799535,0.106276,0.239392,0.015625,0.000488281
0.0779095,0.119224,0.239392,0.0078125,0.015625
0.0739589,0.112176,0.239392,0.0078125,0.0078125
0.0745118,0.0934948,0.239392,0.0078125,0.00390625
0.0845805,0.0960143,0.239392,0.0078125,0.00195312
0.094546,0.11478,0.239392,0.0078125,0.000976562
0.100596,0.130255,0.239392,0.0078125,0.000488281
0.0697041,0.104481,0.239392,0.00390625,0.015625
0.0781484,0.0949984,0.239392,0.00390625,0.0078125
0.075157,0.128516,0.239392,0.00390625,0.00390625
0.0970426,0.100544,0.239392,0.00390625,0.00195312
0.0784015,0.0970607,0.239392,0.00390625,0.000976562
0.0724397,0.11707,0.239392,0.00390625,0.000488281
0.0777948,0.0933447,0.239392,0.00195312,0.015625
0.0699125,0.0889218,0.239392,0.00195312,0.0078125
0.0859645,0.106676,0.239392,0.00195312,0.00390625
0.0864337,0.120292,0.239392,0.00195312,0.00195312
0.0681561,0.101378,0.239392,0.00195312,0.000976562
0.084328,0.101745,0.239392,0.00195312,0.000488281
0.0714836,0.109027,0.239392,0.000976562,0.015625
0.0720282,0.103084,0.239392,0.000976562,0.0078125
0.07426,0.091221,0.239392,0.000976562,0.00390625
0.0581307,0.0918547,0.239392,0.000976562,0.00195312
0.0767287,0.0958942,0.239392,0.000976562,0.000976562
0.0735697,0.0936224,0.239392,0.000976562,0.000488281
0.091327,0.118389,0.239392,0.000488281,0.015625
0.0661368,0.0975278,0.239392,0.000488281,0.0078125
0.0854705,0.112683,0.239392,0.000488281,0.00390625
0.0875846,0.129088,0.239392,0.000488281,0.00195312
0.0745396,0.0985011,0.239392,0.000488281,0.000976562
0.0703264,0.0877736,0.239392,0.000488281,0.000488281
0.119409,0.146897,0.217629,0.015625,0.015625
0.0743102,0.109059,0.217629,0.015625,0.0078125
0.0750328,0.107187,0.217629,0.015625,0.00390625
0.0673745,0.0838885,0.217629,0.015625,0.00195312
0.0689943,0.0937989,0.217629,0.015625,0.000976562
0.0750476,0.0908806,0.217629,0.015625,0.000488281
0.0764895,0.112441,0.217629,0.0078125,0.015625
0.0803904,0.0921473,0.217629,0.0078125,0.0078125
0.0732594,0.111901,0.217629,0.0078125,0.00390625
0.072901,0.11457,0.217629,0.0078125,0.00195312
0.105422,0.115397,0.217629,0.0078125,0.000976562
0.0863231,0.112063,0.217629,0.0078125,0.000488281
0.0723336,0.0955978,0.217629,0.00390625,0.015625
0.0557477,0.0772631,0.217629,0.00390625,0.0078125
0.0890883,0.123021,0.217629,0.00390625,0.00390625
0.0636651,0.0827025,0.217629,0.00390625,0.00195312
0.0579666,0.0690745,0.217629,0.00390625,0.000976562
0.0682826,0.117677,0.217629,0.00390625,0.000488281
0.0849831,0.0932387,0.217629,0.00195312,0.015625
0.0740301,0.0903835,0.217629,0.00195312,0.0078125
0.0770924,0.10632,0.217629,0.00195312,0.00390625
0.0797424,0.108288,0.217629,0.00195312,0.00195312
0.069817,0.0864075,0.217629,0.00195312,0.000976562
0.0743547,0.0968629,0.217629,0.00195312,0.000488281
0.0799416,0.122033,0.217629,0.000976562,0.015625
0.0577558,0.0781685,0.217629,0.000976562,0.0078125
0.0836531,0.121776,0.217629,0.000976562,0.00390625
0.0706734,0.0875522,0.217629,0.000976562,0.00195312
0.0699365,0.0870864,0.217629,0.000976562,0.000976562
0.0705136,0.109788,0.217629,0.000976562,0.000488281
0.0514459,0.0731424,0.217629,0.000488281,0.015625
0.0706332,0.101649,0.217629,0.000488281,0.0078125
0.0693566,0.0978321,0.217629,0.000488281,0.00390625
0.0761789,0.0990734,0.217629,0.000488281,0.00195312
0.072076,0.0976338,0.217629,0.000488281,0.000976562
0.0606189,0.0952606,0.217629,0.000488281,0.000488281
0.0955472,0.104445,0.197845,0.015625,0.015625
0.086768,0.132457,0.197845,0.015625,0.0078125
0.0896242,0.129741,0.197845,0.015625,0.00390625
0.0769135,0.103571,0.197845,0.015625,0.00195312
0.0627559,0.0782638,0.197845,0.015625,0.000976562
0.103022,0.138742,0.197845,0.015625,0.000488281
0.0749365,0.098737,0.197845,0.0078125,0.015625
0.0708126,0.106495,0.197845,0.0078125,0.0078125
0.0736225,0.082565,0.197845,0.0078125,0.00390625
0.0582956,0.0855093,0.197845,0.0078125,0.00195312
0.0609341,0.0891963,0.197845,0.0078125,0.000976562
0.0844772,0.103504,0.197845,0.0078125,0.000488281
0.0606889,0.0890149,0.197845,0.00390625,0.015625
0.0643282,0.0830428,0.197845,0.00390625,0.0078125
0.0702438,0.0911329,0.197845,0.00390625,0.00390625
0.055981,0.078928,0.197845,0.00390625,0.00195312
0.067828,0.0976852,0.197845,0.00390625,0.000976562
0.0726642,0.100799,0.197845,0.00390625,0.000488281
0.0592083,0.0926887,0.197845,0.00195312,0.015625
0.0625439,0.0853798,0.197845,0.00195312,0.0078125
0.0682208,0.090774,0.197845,0.00195312,0.00390625
0.0651001,0.0854937,0.197845,0.00195312,0.00195312
0.0718785,0.0862617,0.197845,0.00195312,0.000976562
0.063751,0.0879501,0.197845,0.00195312,0.000488281
0.0818227,0.11383,0.197845,0.000976562,0.015625
0.0629264,0.0891903,0.197845,0.000976562,0.0078125
0.0600885,0.0773757,0.197845,0.000976562,0.00390625
0.0615456,0.0777357,0.197845,0.000976562,0.00195312
0.0579199,0.0871192,0.197845,0.000976562,0.000976562
0.0732569,0.0895271,0.197845,0.000976562,0.000488281
0.0668402,0.100543,0.197845,0.000488281,0.015625
0.061636,0.0802644,0.197845,0.000488281,0.0078125
0.0645708,0.0971841,0.197845,0.000488281,0.00390625
0.0609924,0.0860515,0.197845,0.000488281,0.00195312
0.060379,0.0895109,0.197845,0.000488281,0.000976562
0.0655335,0.0947336,0.197845,0.000488281,0.000488281
0.0895274,0.135336,0.179859,0.015625,0.015625
0.0695033,0.0956895,0.179859,0.015625,0.0078125
0.0777928,0.100261,0.179859,0.015625,0.00390625
0.0988433,0.123654,0.179859,0.015625,0.00195312
0.0911482,0.117672,0.179859,0.015625,0.000976562
0.0968297,0.158989,0.179859,0.015625,0.000488281
0.0793871,0.0928853,0.179859,0.0078125,0.015625
0.0502752,0.0771101,0.179859,0.0078125,0.0078125
0.0999936,0.120578,0.179859,0.0078125,0.00390625
0.080625,0.100935,0.179859,0.0078125,0.00195312
0.0638587,0.0809807,0.179859,0.0078125,0.000976562
0.0676683,0.096007,0.179859,0.0078125,0.000488281
0.0591612,0.0866301,0.179859,0.00390625,0.015625
0.0648261,0.0919484,0.179859,0.00390625,0.0078125
0.081721,0.104512,0.179859,0.00390625,0.00390625
0.0886631,0.100427,0.179859,0.00390625,0.00195312
0.0810936,0.11052,0.179859,0.00390625,0.000976562
0.0767675,0.0914344,0.179859,0.00390625,0.000488281
0.062689,0.0874628,0.179859,0.00195312,0.015625
0.0703499,0.121299,0.179859,0.00195312,0.0078125
0.0636762,0.0799025,0.179859,0.00195312,0.00390625
0.0830544,0.0946293,0.179859,0.00195312,0.00195312
0.0643674,0.0967321,0.179859,0.00195312,0.000976562
0.0762734,0.0991171,0.179859,0.00195312,0.000488281
0.0731745,0.10239,0.179859,0.000976562,0.015625
0.0519739,0.0682473,0.179859,0.000976562,0.0078125
0.057894,0.0872368,0.179859,0.000976562,0.00390625
0.0632102,0.0732347,0.179859,0.000976562,0.00195312
0.0580605,0.0843705,0.179859,0.000976562,0.000976562
0.0672481,0.10712,0.179859,0.000976562,0.000488281
0.081334,0.107359,0.179859,0.000488281,0.015625
0.0703024,0.101482,0.179859,0.000488281,0.0078125
0.068807,0.0995604,0.179859,0.000488281,0.00390625
0.0505223,0.0690325,0.179859,0.000488281,0.00195312
0.0573477,0.080997,0.179859,0.000488281,0.000976562
0.0551334,0.0800331,0.179859,0.000488281,0.000488281
0.0650075,0.0845301,0.163508,0.015625,0.015625
0.0645707,0.0947057,0.163508,0.015625,0.0078125
0.0779636,0.11771,0.163508,0.015625,0.00390625
0.10063,0.111837,0.163508,0.015625,0.00195312
0.0858378,0.105027,0.163508,0.015625,0.000976562
0.0835348,0.10591,0.163508,0.015625,0.000488281
0.0678229,0.0903275,0.163508,0.0078125,0.015625
0.0716782,0.0886271,0.163508,0.0078125,0.0078125
0.076755,0.0970317,0.163508,0.0078125,0.00390625
0.0834703,0.108414,0.163508,0.0078125,0.00195312
0.0782695,0.093536,0.163508,0.0078125,0.000976562
0.0788924,0.120422,0.163508,0.0078125,0.000488281
0.066736,0.0960481,0.163508,0.00390625,0.015625
0.0694926,0.0747988,0.163508,0.00390625,0.0078125
0.0551435,0.0696198,0.163508,0.00390625,0.00390625
0.0580094,0.0941003,0.163508,0.00390625,0.00195312
0.0846205,0.101718,0.163508,0.00390625,0.000976562
0.073558,0.0968923,0.163508,0.00390625,0.000488281
0.0764918,0.100802,0.163508,0.00195312,0.015625
0.0862423,0.12279,0.163508,0.00195312,0.0078125
0.0580209,0.0819167,0.163508,0.00195312,0.00390625
0.0685623,0.0930978,0.163508,0.00195312,0.00195312
0.0545608,0.0722144,0.163508,0.00195312,0.000976562
0.0566521,0.0809633,0.163508,0.00195312,0.000488281
0.0567838,0.0805987,0.163508,0.000976562,0.015625
0.0607675,0.10542,0.163508,0.000976562,0.0078125
0.0485633,0.0718734,0.163508,0.000976562,0.00390625
0.0457015,0.0605751,0.163508,0.000976562,0.00195312
0.0740992,0.0924993,0.163508,0.000976562,0.000976562
0.093742,0.10256,0.163508,0.000976562,0.000488281
0.0594241,0.0768472,0.163508,0.000488281,0.015625
0.0588194,0.0749693,0.163508,0.000488281,0.0078125
0.0608445,0.0710304,0.163508,0.000488281,0.00390625
0.0663809,0.0876276,0.163508,0.000488281,0.00195312
0.0604283,0.0855531,0.163508,0.000488281,0.000976562
0.0519663,0.0674263,0.163508,0.000488281,0.000488281
0.0582531,0.0829265,0.148644,0.015625,0.015625
0.0586825,0.0838547,0.148644,0.015625,0.0078125
0.0722991,0.110851,0.148644,0.015625,0.00390625
0.0732356,0.0861132,0.148644,0.015625,0.00195312
0.121806,0.138545,0.148644,0.015625,0.000976562
0.10047,0.151509,0.148644,0.015625,0.000488281
0.0540567,0.0754953,0.148644,0.0078125,0.015625
0.0956072,0.135204,0.148644,0.0078125,0.0078125
0.0672101,0.101247,0.148644,0.0078125,0.00390625
0.0731304,0.109201,0.148644,0.0078125,0.00195312
0.0570157,0.0857865,0.148644,0.0078125,0.000976562
0.078356,0.128851,0.148644,0.0078125,0.000488281
0.069619,0.090173,0.148644,0.00390625,0.015625
0.0562711,0.0740714,0.148644,0.00390625,0.0078125
0.0543375,0.100308,0.148644,0.00390625,0.00390625
0.0684997,0.0953785,0.148644,0.00390625,0.00195312
0.0538916,0.0689303,0.148644,0.00390625,0.000976562
0.0730748,0.106112,0.148644,0.00390625,0.000488281
0.0756321,0.0930185,0.148644,0.00195312,0.015625
0.0633067,0.0823269,0.148644,0.00195312,0.0078125
0.0477538,0.0743682,0.148644,0.00195312,0.00390625
0.0533912,0.0696395,0.148644,0.00195312,0.00195312
0.0665503,0.093218,0.148644,0.00195312,0.000976562
0.0505785,0.0766684,0.148644,0.00195312,0.000488281
0.0609064,0.0860698,0.148644,0.000976562,0.015625
0.0634988,0.0851975,0.148644,0.000976562,0.0078125
0.0460699,0.0580639,0.148644,0.000976562,0.00390625
0.0698699,0.108117,0.148644,0.000976562,0.00195312
0.0565502,0.086183,0.148644,0.000976562,0.000976562
0.048924,0.0837837,0.148644,0.000976562,0.000488281
0.0533025,0.0710707,0.148644,0.000488281,0.015625
0.0614662,0.0810841,0.148644,0.000488281,0.0078125
0.0673339,0.12265,0.148644,0.000488281,0.00390625
0.0641478,0.0849344,0.148644,0.000488281,0.00195312
0.0581654,0.0923627,0.148644,0.000488281,0.000976562
0.0553827,0.0680596,0.148644,0.000488281,0.000488281
0.0725414,0.0954146,0.135131,0.015625,0.015625
0.0668487,0.0893854,0.135131,0.015625,0.0078125
0.0577581,0.0786079,0.135131,0.015625,0.00390625
0.0593781,0.0759545,0.135131,0.015625,0.00195312
0.0560791,0.0821635,0.135131,0.015625,0.000976562
0.102633,0.147685,0.135131,0.015625,0.000488281
0.0555297,0.083928,0.135131,0.0078125,0.015625
0.0621699,0.104359,0.135131,0.0078125,0.0078125
0.0697729,0.105988,0.135131,0.0078125,0.00390625
0.0756233,0.0863706,0.135131,0.0078125,0.00195312
0.0616273,0.094425,0.135131,0.0078125,0.000976562
0.0508136,0.0712907,0.135131,0.0078125,0.000488281
0.0688276,0.0850357,0.135131,0.00390625,0.015625
0.0614226,0.0778309,0.135131,0.00390625,0.0078125
0.0691294,0.0768721,0.135131,0.00390625,0.00390625
0.0928094,0.112415,0.135131,0.00390625,0.00195312
0.102281,0.138159,0.135131,0.00390625,0.000976562
0.0712705,0.0899946,0.135131,0.00390625,0.000488281
0.0502919,0.0708452,0.135131,0.00195312,0.015625
0.0546542,0.0758333,0.135131,0.00195312,0.0078125
0.0517503,0.0747181,0.135131,0.00195312,0.00390625
0.0741323,0.0947475,0.135131,0.00195312,0.00195312
0.0554102,0.0785892,0.135131,0.00195312,0.000976562
0.0827195,0.132897,0.135131,0.00195312,0.000488281
0.0571621,0.0771361,0.135131,0.000976562,0.015625
0.0528565,0.060777,0.135131,0.000976562,0.0078125
0.0579907,0.0815595,0.135131,0.000976562,0.00390625
0.0615439,0.0867151,0.135131,0.000976562,0.00195312
0.0694592,0.0931855,0.135131,0.000976562,0.000976562
0.0667711,0.0851625,0.135131,0.000976562,0.000488281
0.0592138,0.0777872,0.135131,0.000488281,0.015625
0.0868467,0.0960034,0.135131,0.000488281,0.0078125
0.0451361,0.069469,0.135131,0.000488281,0.00390625
0.0651082,0.0923965,0.135131,0.000488281,0.00195312
0.059602,0.0907617,0.135131,0.000488281,0.000976562
0.0519675,0.0813051,0.135131,0.000488281,0.000488281
0.079326,0.120752,0.122846,0.015625,0.015625
0.0784767,0.109683,0.122846,0.015625,0.0078125
0.0893238,0.125842,0.122846,0.015625,0.00390625
0.0885445,0.151122,0.122846,0.015625,0.00195312
0.0521473,0.0686,0.122846,0.015625,0.000976562
0.0828992,0.100954,0.122846,0.015625,0.000488281
0.0632068,0.0924729,0.122846,0.0078125,0.015625
0.0355187,0.0588988,0.122846,0.0078125,0.0078125
0.0631202,0.119461,0.122846,0.0078125,0.00390625
0.0552397,0.0837059,0.122846,0.0078125,0.00195312
0.0655932,0.0965073,0.122846,0.0078125,0.000976562
0.0659987,0.0827222,0.122846,0.0078125,0.000488281
0.0556881,0.0930423,0.122846,0.00390625,0.015625
0.0639974,0.0853485,0.122846,0.00390625,0.0078125
0.0749466,0.0937216,0.122846,0.00390625,0.00390625
0.0458036,0.0746883,0.122846,0.00390625,0.00195312
0.0696088,0.0854779,0.122846,0.00390625,0.000976562
0.0531097,0.081902,0.122846,0.00390625,0.000488281
0.0519199,0.0863663,0.122846,0.00195312,0.015625
0.0329691,0.0459128,0.122846,0.00195312,0.0078125
0.0469716,0.0590538,0.122846,0.00195312,0.00390625
0.0526312,0.0760515,0.122846,0.00195312,0.00195312
0.0531705,0.078239,0.122846,0.00195312,0.000976562
0.0452387,0.0742303,0.122846,0.00195312,0.000488281
0.0557518,0.0617075,0.122846,0.000976562,0.015625
0.0591332,0.0792136,0.122846,0.000976562,0.0078125
0.0707683,0.0886965,0.122846,0.000976562,0.00390625
0.0701925,0.0916573,0.122846,0.000976562,0.00195312
0.0547584,0.0744539,0.122846,0.000976562,0.000976562
0.0681154,0.0936279,0.122846,0.000976562,0.000488281
0.0435057,0.0621705,0.122846,0.000488281,0.015625
0.0637939,0.079391,0.122846,0.000488281,0.0078125
0.0366197,0.0710427,0.122846,0.000488281,0.00390625
0.0526728,0.0692334,0.122846,0.000488281,0.00195312
0.0518529,0.0811453,0.122846,0.000488281,0.000976562
0.0775593,0.115192,0.122846,0.000488281,0.000488281
0.0521646,0.0834034,0.111678,0.015625,0.015625
0.0553567,0.0741032,0.111678,0.015625,0.0078125
0.0602458,0.0778406,0.111678,0.015625,0.00390625
0.0500799,0.0618286,0.111678,0.015625,0.00195312
0.0929477,0.130087,0.111678,0.015625,0.000976562
0.0803178,0.0994264,0.111678,0.015625,0.000488281
0.0772138,0.108335,0.111678,0.0078125,0.015625
0.0748366,0.0963581,0.111678,0.0078125,0.0078125
0.0562528,0.070829,0.111678,0.0078125,0.00390625
0.0767148,0.0925728,0.111678,0.0078125,0.00195312
0.0978183,0.129921,0.111678,0.0078125,0.000976562
0.0530412,0.0731013,0.111678,0.0078125,0.000488281
0.0524921,0.0708522,0.111678,0.00390625,0.015625
0.0427446,0.0583707,0.111678,0.00390625,0.0078125
0.062265,0.0807041,0.111678,0.00390625,0.00390625
0.0629747,0.0688187,0.111678,0.00390625,0.00195312
0.0712073,0.0961462,0.111678,0.00390625,0.000976562
0.0507333,0.0608286,0.111678,0.00390625,0.000488281
0.0702626,0.107166,0.111678,0.00195312,0.015625
0.0531171,0.0764777,0.111678,0.00195312,0.0078125
0.0659738,0.0865905,0.111678,0.00195312,0.00390625
0.0389154,0.0520539,0.111678,0.00195312,0.00195312
0.0519297,0.0647291,0.111678,0.00195312,0.000976562
0.0498558,0.0699576,0.111678,0.00195312,0.000488281
0.0649798,0.0749222,0.111678,0.000976562,0.015625
0.0527811,0.0771282,0.111678,0.000976562,0.0078125
0.0552538,0.0796876,0.111678,0.000976562,0.00390625
0.0420657,0.0730091,0.111678,0.000976562,0.00195312
0.054952,0.10951,0.111678,0.000976562,0.000976562
0.0524235,0.0655183,0.111678,0.000976562,0.000488281
0.0653423,0.0796961,0.111678,0.000488281,0.015625
0.0407114,0.0545094,0.111678,0.000488281,0.0078125
0.0441379,0.0570834,0.111678,0.000488281,0.00390625
0.056539,0.072341,0.111678,0.000488281,0.00195312
0.072766,0.0882963,0.111678,0.000488281,0.000976562
0.0603561,0.0961538,0.111678,0.000488281,0.000488281
0.83692,1.74758,1.00669,1,1
0.882779,1.58202,1.00669,1,1.00069
0.0423969,0.0607032,0.07,0,0
0.0473,0.0739193,0.07,0,0.001
0.0388422,0.0758593,0.07,0,0.002
0.0355019,0.0636391,0.07,0,0.003
0.0543451,0.0875279,0.07,0,0.004
0.0290541,0.0398742,0.07,0,0.005
0.0319241,0.0433144,0.07,0,0.006
0.0287315,0.0437826,0.07,0,0.007
0.0434212,0.0641333,0.07,0,0.008
0.070752,0.0681431,0.07,0,0.009
0.0306889,0.0409748,0.07,0,0.01
0.0430236,0.0891862,0.07,0,0.011
0.0323705,0.0489949,0.07,0,0.012
0.0272428,0.0348019,0.07,0,0.013
0.0568053,0.0728113,0.07,0,0.014
0.0469869,0.0684532,0.07,0,0.015
0.0325769,0.0396341,0.07,0,0.016
0.0277634,0.0382406,0.07,0.001,0
0.0377843,0.0800268,0.07,0.001,0.001
0.0621125,0.0700346,0.07,0.001,0.002
0.0314519,0.0450947,0.07,0.001,0.003
0.0505154,0.0799411,0.07,0.001,0.004
0.0465436,0.108444,0.07,0.001,0.005
0.0446675,0.103107,0.07,0.001,0.006
0.0377199,0.0512505,0.07,0.001,0.007
0.0524375,0.0780505,0.07,0.001,0.008
0.0690126,0.0733448,0.07,0.001,0.009
0.0397799,0.0527864,0.07,0.001,0.01
0.0507972,0.0637519,0.07,0.001,0.011
0.0611239,0.0832017,0.07,0.001,0.012
0.0674224,0.0958666,0.07,0.001,0.013
0.0470406,0.0717632,0.07,0.001,0.014
0.0396598,0.0550904,0.07,0.001,0.015
0.0335193,0.0585656,0.07,0.001,0.016
0.0482977,0.0875606,0.07,0.002,0
0.0362616,0.0503781,0.07,0.002,0.001
0.0527531,0.0624675,0.07,0.002,0.002
0.0542576,0.0799892,0.07,0.002,0.003
0.0691904,0.0880428,0.07,0.002,0.004
0.0512714,0.0652059,0.07,0.002,0.005
0.0438396,0.0466402,0.07,0.002,0.006
0.0416594,0.0553415,0.07,0.002,0.007
0.0432588,0.0588601,0.07,0.002,0.008
0.0360767,0.0606644,0.07,0.002,0.009
0.0484386,0.0579796,0.07,0.002,0.01
0.0672186,0.0747245,0.07,0.002,0.011
0.0488801,0.0666139,0.07,0.002,0.012
0.0428359,0.0526703,0.07,0.002,0.013
0.0620315,0.0897859,0.07,0.002,0.014
0.053114,0.0842555,0.07,0.002,0.015
0.0371413,0.0490558,0.07,0.002,0.016
0.0516757,0.0686196,0.07,0.003,0
0.037534,0.0583487,0.07,0.003,0.001
0.0262505,0.0368701,0.07,0.003,0.002
0.0500647,0.0951763,0.07,0.003,0.003
0.0703433,0.0856425,0.07,0.003,0.004
0.0544197,0.102789,0.07,0.003,0.005
0.0452227,0.077003,0.07,0.003,0.006
0.0432166,0.0629225,0.07,0.003,0.007
0.045694,0.062235,0.07,0.003,0.008
0.0508607,0.0875224,0.07,0.003,0.009
0.063552,0.104487,0.07,0.003,0.01
0.0561778,0.0667478,0.07,0.003,0.011
0.0623002,0.0896291,0.07,0.003,0.012
0.0462728,0.0570937,0.07,0.003,0.013
